model,model_path,accuracy,precision,recall,f1,auc
Baseline_LR,models/tmdb_baseline_lr,0.7928162415408642,0.7430364628625835,0.792816241540864,0.7123474577357792,0.6800073964497116
Baseline_RF,models/tmdb_baseline_rf,0.7985424258198854,0.8154013687723919,0.7985424258198854,0.717290515672591,0.8411193293885593
Baseline_GBT,models/tmdb_baseline_gbt,0.8032274856845393,0.7864905153403113,0.8032274856845393,0.792042044880025,0.8368154174884949
Tuned_LR,models/tmdb_tuned_lr,0.7870900572618428,0.7170427055872749,0.7870900572618428,0.7156676681916768,0.7249827416173571
Tuned_RF,models/tmdb_tuned_rf,0.8006246746486205,0.7869649798473694,0.8006246746486205,0.7284452556597293,0.8428065417488457
LR_ReducedTop30,models/tmdb_lr_reduced_top30,0.7881311816762103,0.7281239013353302,0.7881311816762103,0.7244734315889079,0.7090113412228732
