model,model_path,auc,accuracy,precision,recall,f1
LogisticRegression,models/tmdb_logisticregression,0.614811822455457,0.77147319104633,0.7,0.01580135440180587,0.03090507726269316
RandomForest,models/tmdb_randomforest,0.8332373685384132,0.769390942217595,0.0,0.0,0.0
GBTClassifier,models/tmdb_gbtclassifier,0.8335703180125668,0.7928162415408642,0.5882352941176471,0.33860045146726864,0.42979942693409745
LinearSVC,models/tmdb_linearsvc,0.6523587484765281,0.7704320666319625,0.6666666666666666,0.009029345372460496,0.017817371937639197
